index,feature,feature name,importance
1,0,mean_aX_hand(t),1
2,418,derivative_2_mad_gZ_hand,1
3,422,derivative_2_mad_gX_chest,1
4,433,derivative_2_rms_aZ_chest,1
5,434,derivative_2_rms_gX_chest,1
6,486,derivative_3_q20_aY_hand,1
7,498,derivative_3_q80_aY_hand,1
8,539,derivative_3_std_aX_chest,1
9,540,derivative_3_std_aY_chest,1
10,542,derivative_3_std_gX_chest,1
11,558,derivative_3_mad_aY_hand,1
12,575,derivative_3_rms_aX_chest,1
13,576,derivative_3_rms_aY_chest,1
14,577,derivative_3_rms_aZ_chest,1
15,630,derivative_4_q20_aY_hand,1
16,683,derivative_4_std_aX_chest,1
17,684,derivative_4_std_aY_chest,1
18,719,derivative_4_rms_aX_chest,1
19,720,derivative_4_rms_aY_chest,1
20,737,hand_pitch_mean,1
21,738,hand_roll_mean,1
22,739,chest_pitch_mean,1
23,740,chest_roll_mean,1
24,741,hand_pitch_median,1
25,742,hand_roll_median,1
26,747,chest_pitch_q05,1
27,398,derivative_2_std_gX_chest,1
28,749,hand_pitch_q20,1
29,397,derivative_2_std_aZ_chest,1
30,384,derivative_2_kurtosis_aY_chest,1
31,122,rms_aZ_hand(t),1
32,125,rms_gZ_hand(t),1
33,126,rms_aX_chest(t),1
34,127,rms_aY_chest(t),1
35,128,rms_aZ_chest(t),1
36,133,crestfactor_aY_hand(t),1
37,140,crestfactor_aZ_chest(t),1
38,149,corr_caY_caZ(t),1
39,153,smv_ha(t),1
40,154,smv_hg(t),1
41,157,sma_ha(t),1
42,158,sma_hg(t),1
43,159,sma_ca(t),1
44,221,derivative_1_q95_aX_hand,1
45,245,derivative_1_std_aX_hand,1
46,250,derivative_1_std_gZ_hand,1
47,253,derivative_1_std_aZ_chest,1
48,269,derivative_1_mad_aX_hand,1
49,274,derivative_1_mad_gZ_hand,1
50,279,derivative_1_mad_gY_chest,1
51,281,derivative_1_rms_aX_hand,1
52,286,derivative_1_rms_gZ_hand,1
53,289,derivative_1_rms_aZ_chest,1
54,290,derivative_1_rms_gX_chest,1
55,370,derivative_2_q95_gZ_hand,1
56,395,derivative_2_std_aX_chest,1
57,121,rms_aY_hand(t),1
58,750,hand_roll_q20,1
59,753,hand_pitch_q80,1
60,911,rms_aX_chest(s),1
61,912,rms_aY_chest(s),1
62,913,rms_aZ_chest(s),1
63,918,crestfactor_aY_hand(s),1
64,943,sma_hg(s),1
65,944,sma_ca(s),1
66,946,spectral_energy_aX_hand,1
67,947,spectral_energy_aY_hand,1
68,948,spectral_energy_aZ_hand,1
69,951,spectral_energy_gZ_hand,1
70,952,spectral_energy_aX_chest,1
71,953,spectral_energy_aY_chest,1
72,954,spectral_energy_aZ_chest,1
73,966,spectral_entropy_aZ_chest,1
74,978,spectral_centroid_aZ_chest,1
75,996,bin_30_aX_hand(t),1
76,999,bin_0_aY_hand(t),1
77,1000,bin_10_aY_hand(t),1
78,1001,bin_30_aY_hand(t),1
79,1006,bin_30_aZ_hand(t),1
80,1008,bin_90_aZ_hand(t),1
81,1030,bin_10_aY_chest(t),1
82,1031,bin_30_aY_chest(t),1
83,1032,bin_70_aY_chest(t),1
84,1037,bin_70_aZ_chest(t),1
85,910,rms_gZ_hand(s),1
86,752,chest_roll_q20,1
87,907,rms_aZ_hand(s),1
88,905,rms_aX_hand(s),1
89,754,hand_roll_q80,1
90,759,chest_pitch_q95,1
91,761,hand_pitch_kurtosis,1
92,762,hand_roll_kurtosis,1
93,763,chest_pitch_kurtosis,1
94,764,chest_roll_kurtosis,1
95,765,hand_pitch_std,1
96,773,hand_pitch_mad,1
97,774,hand_roll_mad,1
98,775,chest_pitch_mad,1
99,776,chest_roll_mad,1
100,777,hand_pitch_rms,1
101,778,hand_roll_rms,1
102,782,hand_roll_crestfactor,1
103,783,chest_pitch_crestfactor,1
104,869,std_aX_hand(s),1
105,870,std_aY_hand(s),1
106,871,std_aZ_hand(s),1
107,874,std_gZ_hand(s),1
108,875,std_aX_chest(s),1
109,876,std_aY_chest(s),1
110,877,std_aZ_chest(s),1
111,893,mad_aX_hand(s),1
112,900,mad_aY_chest(s),1
113,901,mad_aZ_chest(s),1
114,906,rms_aY_hand(s),1
115,120,rms_aX_hand(t),1
116,1054,activity,1
117,38,q20_aZ_hand(t),1
118,31,q05_aY_chest(t),1
119,2,mean_aZ_hand(t),1
120,8,mean_aZ_chest(t),1
121,89,std_gZ_hand(t),1
122,67,q95_aY_chest(t),1
123,50,q80_aZ_hand(t),1
124,49,q80_aY_hand(t),1
125,48,q80_aX_hand(t),1
126,12,median_aX_hand(t),1
127,68,q95_aZ_chest(t),1
128,26,q05_aZ_hand(t),1
129,25,q05_aY_hand(t),1
130,24,q05_aX_hand(t),1
131,44,q20_aZ_chest(t),1
132,6,mean_aX_chest(t),1
133,42,q20_aX_chest(t),1
134,43,q20_aY_chest(t),1
135,32,q05_aZ_chest(t),1
136,20,median_aZ_chest(t),1
137,30,q05_aX_chest(t),1
138,7,mean_aY_chest(t),1
139,13,median_aY_hand(t),1
140,60,q95_aX_hand(t),1
141,1,mean_aY_hand(t),1
142,19,median_aY_chest(t),1
143,36,q20_aX_hand(t),1
144,56,q80_aZ_chest(t),1
145,61,q95_aY_hand(t),1
146,18,median_aX_chest(t),1
147,14,median_aZ_hand(t),1
148,54,q80_aX_chest(t),1
149,55,q80_aY_chest(t),1
150,37,q20_aY_hand(t),1
151,62,q95_aZ_hand(t),2
152,124,rms_gY_hand(t),3
153,276,derivative_1_mad_aY_chest,4
154,334,derivative_2_q05_gZ_hand,5
155,1036,bin_30_aZ_chest(t),6
156,66,q95_aX_chest(t),7
157,29,q05_gZ_hand(t),8
158,113,mad_gZ_hand(t),9
159,702,derivative_4_mad_aY_hand,10
160,342,derivative_2_q20_aY_hand,11
161,1035,bin_10_aZ_chest(t),12
162,435,derivative_2_rms_gY_chest,13
163,780,chest_roll_rms,14
164,431,derivative_2_rms_aX_chest,15
165,155,smv_ca(t),16
166,541,derivative_3_std_aZ_chest,17
167,708,derivative_4_mad_aY_chest,18
168,94,std_gY_chest(t),19
169,277,derivative_1_mad_aZ_chest,20
170,898,mad_gZ_hand(s),21
171,1007,bin_70_aZ_hand(t),22
172,88,std_gY_hand(t),23
173,925,crestfactor_aZ_chest(s),24
174,864,kurtosis_aY_chest(s),25
175,1002,bin_70_aY_hand(t),26
176,971,spectral_centroid_aY_hand,27
177,421,derivative_2_mad_aZ_chest,28
178,192,derivative_1_q05_aY_chest,29
179,908,rms_gX_hand(s),30
180,748,chest_roll_q05,31
181,91,std_aY_chest(t),32
182,751,chest_pitch_q20,33
183,771,chest_pitch_skew,34
184,785,mean_aX_hand(s),35
185,354,derivative_2_q80_aY_hand,36
186,686,derivative_4_std_gX_chest,37
187,784,chest_roll_crestfactor,38
188,909,rms_gY_hand(s),39
189,766,hand_roll_std,40
190,722,derivative_4_rms_gX_chest,41
191,108,mad_aX_hand(t),42
192,793,mean_aZ_chest(s),43
193,240,derivative_1_kurtosis_aY_chest,44
194,707,derivative_4_mad_aX_chest,45
195,399,derivative_2_std_gY_chest,46
196,833,q80_aX_hand(s),47
197,413,derivative_2_mad_aX_hand,48
198,112,mad_gY_hand(t),49
199,903,mad_gY_chest(s),50
200,872,std_gX_hand(s),51
201,278,derivative_1_mad_gX_chest,52
202,654,derivative_4_q95_aY_hand,53
203,254,derivative_1_std_gX_chest,54
204,79,kurtosis_aY_chest(t),55
205,115,mad_aY_chest(t),56
206,859,kurtosis_aZ_hand(s),57
207,792,mean_aY_chest(s),58
208,760,chest_roll_q95,59
209,185,derivative_1_q05_aX_hand,60
210,723,derivative_4_rms_gY_chest,61
211,1003,bin_90_aY_hand(t),62
212,997,bin_70_aX_hand(t),63
213,950,spectral_energy_gY_hand,64
214,873,std_gY_hand(s),65
215,341,derivative_2_q20_aX_hand,66
216,919,crestfactor_aZ_hand(s),67
217,528,derivative_3_kurtosis_aY_chest,68
218,917,crestfactor_aX_hand(s),69
219,894,mad_aY_hand(s),70
220,895,mad_aZ_hand(s),71
221,1026,bin_30_aX_chest(t),72
222,562,derivative_3_mad_gZ_hand,73
223,41,q20_gZ_hand(t),74
224,882,skew_aY_hand(s),75
225,478,derivative_3_q05_gZ_hand,76
226,1034,bin_0_aZ_chest(t),77
227,419,derivative_2_mad_aX_chest,78
228,934,corr_caY_caZ(s),79
229,578,derivative_3_rms_gX_chest,80
230,255,derivative_1_std_gY_chest,81
231,995,bin_10_aX_hand(t),82
232,714,derivative_4_rms_aY_hand,83
233,897,mad_gY_hand(s),84
234,956,spectral_energy_gY_chest,85
235,924,crestfactor_aY_chest(s),86
236,1033,bin_90_aY_chest(t),87
237,87,std_gX_hand(t),88
238,685,derivative_4_std_aZ_chest,89
239,899,mad_aX_chest(s),90
240,415,derivative_2_mad_aZ_hand,91
241,972,spectral_centroid_aZ_hand,92
242,888,skew_aY_chest(s),93
243,786,mean_aY_hand(s),94
244,570,derivative_3_rms_aY_hand,95
245,252,derivative_1_std_aY_chest,96
246,858,kurtosis_aY_hand(s),97
247,84,std_aX_hand(t),98
248,123,rms_gX_hand(t),99
249,889,skew_aZ_chest(s),100
250,787,mean_aZ_hand(s),101
251,659,derivative_4_q95_aX_chest,102
252,160,sma_cg(t),103
253,949,spectral_energy_gX_hand,104
254,865,kurtosis_aZ_chest(s),105
255,660,derivative_4_q95_aY_chest,106
256,642,derivative_4_q80_aY_hand,107
257,687,derivative_4_std_gY_chest,108
258,193,derivative_1_q05_aZ_chest,109
259,881,skew_aX_hand(s),110
260,394,derivative_2_std_gZ_hand,111
261,132,crestfactor_aX_hand(t),112
262,204,derivative_1_q20_aY_chest,113
263,883,skew_aZ_hand(s),114
264,579,derivative_3_rms_gY_chest,115
265,396,derivative_2_std_aY_chest,116
266,960,spectral_entropy_aZ_hand,117
267,896,mad_gX_hand(s),118
268,275,derivative_1_mad_aX_chest,119
269,566,derivative_3_mad_gX_chest,120
270,534,derivative_3_std_aY_hand,121
271,746,hand_roll_q05,122
272,721,derivative_4_rms_aZ_chest,123
273,945,sma_cg(s),124
274,958,spectral_entropy_aX_hand,125
275,251,derivative_1_std_aX_chest,126
276,197,derivative_1_q20_aX_hand,127
277,563,derivative_3_mad_aX_chest,128
278,151,corr_haY_caY(t),129
279,92,std_aZ_chest(t),130
280,130,rms_gY_chest(t),131
281,414,derivative_2_mad_aY_hand,132
282,915,rms_gY_chest(s),133
283,1005,bin_10_aZ_hand(t),134
284,28,q05_gY_hand(t),135
285,111,mad_gX_hand(t),136
286,291,derivative_1_rms_gY_chest,137
287,138,crestfactor_aX_chest(t),138
288,744,chest_roll_median,139
289,337,derivative_2_q05_aZ_chest,140
290,564,derivative_3_mad_aY_chest,141
291,474,derivative_3_q05_aY_hand,142
292,226,derivative_1_q95_gZ_hand,143
293,343,derivative_2_q20_aZ_hand,144
294,757,hand_pitch_q95,145
295,432,derivative_2_rms_aY_chest,146
296,430,derivative_2_rms_gZ_hand,147
297,280,derivative_1_mad_gZ_chest,148
298,270,derivative_1_mad_aY_hand,149
299,423,derivative_2_mad_gY_chest,150
300,543,derivative_3_std_gY_chest,151
301,426,derivative_2_rms_aY_hand,152
302,206,derivative_1_q20_gX_chest,153
303,678,derivative_4_std_aY_hand,154
304,857,kurtosis_aX_hand(s),155
305,425,derivative_2_rms_aX_hand,156
306,1024,bin_0_aX_chest(t),157
307,287,derivative_1_rms_aX_chest,158
308,1025,bin_10_aX_chest(t),159
309,209,derivative_1_q80_aX_hand,160
310,624,derivative_4_q05_aY_chest,161
311,970,spectral_centroid_aX_hand,162
312,230,derivative_1_q95_gX_chest,163
313,374,derivative_2_q95_gX_chest,164
314,791,mean_aX_chest(s),165
315,288,derivative_1_rms_aY_chest,166
316,514,derivative_3_q95_gZ_hand,167
317,756,chest_roll_q80,168
318,292,derivative_1_rms_gZ_chest,169
319,373,derivative_2_q95_aZ_chest,170
320,65,q95_gZ_hand(t),171
321,529,derivative_3_kurtosis_aZ_chest,172
322,790,mean_gZ_hand(s),173
323,271,derivative_1_mad_aZ_hand,174
324,964,spectral_entropy_aX_chest,175
325,408,derivative_2_skew_aY_chest,176
326,356,derivative_2_q80_gX_hand,177
327,198,derivative_1_q20_aY_hand,178
328,353,derivative_2_q80_aX_hand,179
329,202,derivative_1_q20_gZ_hand,180
330,672,derivative_4_kurtosis_aY_chest,181
331,959,spectral_entropy_aY_hand,182
332,389,derivative_2_std_aX_hand,183
333,109,mad_aY_hand(t),184
334,758,hand_roll_q95,185
335,229,derivative_1_q95_aZ_chest,186
336,344,derivative_2_q20_gX_hand,187
337,129,rms_gX_chest(t),188
338,904,mad_gZ_chest(s),189
339,772,chest_roll_skew,190
340,480,derivative_3_q05_aY_chest,191
341,1004,bin_0_aZ_hand(t),192
342,116,mad_aZ_chest(t),193
343,710,derivative_4_mad_gX_chest,194
344,256,derivative_1_std_gZ_chest,195
345,228,derivative_1_q95_aY_chest,196
346,420,derivative_2_mad_aY_chest,197
347,936,corr_haY_caY(s),198
348,965,spectral_entropy_aY_chest,199
349,618,derivative_4_q05_aY_hand,200
350,977,spectral_centroid_aY_chest,201
351,853,q95_aZ_chest(s),202
352,976,spectral_centroid_aX_chest,203
353,769,hand_pitch_skew,204
354,371,derivative_2_q95_aX_chest,205
355,479,derivative_3_q05_aX_chest,206
356,499,derivative_3_q80_aZ_hand,207
357,789,mean_gY_hand(s),208
358,941,smv_cg(s),209
359,914,rms_gX_chest(s),210
360,139,crestfactor_aY_chest(t),211
361,567,derivative_3_mad_gY_chest,212
362,211,derivative_1_q80_aZ_hand,213
363,385,derivative_2_kurtosis_aZ_chest,214
364,768,chest_roll_std,215
365,706,derivative_4_mad_gZ_hand,216
366,879,std_gY_chest(s),217
367,118,mad_gY_chest(t),218
368,216,derivative_1_q80_aY_chest,219
369,878,std_gX_chest(s),220
370,487,derivative_3_q20_aZ_hand,221
371,190,derivative_1_q05_gZ_hand,222
372,622,derivative_4_q05_gZ_hand,223
373,64,q95_gY_hand(t),224
374,383,derivative_2_kurtosis_aX_chest,225
375,930,corr_haX_haZ(s),226
376,939,smv_hg(s),227
377,557,derivative_3_mad_aX_hand,228
378,85,std_aY_hand(t),229
379,957,spectral_energy_gZ_chest,230
380,942,sma_ha(s),231
381,358,derivative_2_q80_gZ_hand,232
382,510,derivative_3_q95_aY_hand,233
383,641,derivative_4_q80_aX_hand,234
384,770,hand_roll_skew,235
385,93,std_gX_chest(t),236
386,366,derivative_2_q95_aY_hand,237
387,210,derivative_1_q80_aY_hand,238
388,673,derivative_4_kurtosis_aZ_chest,239
389,330,derivative_2_q05_aY_hand,240
390,781,hand_pitch_crestfactor,241
391,215,derivative_1_q80_aX_chest,242
392,145,corr_haX_haZ(t),243
393,214,derivative_1_q80_gZ_hand,244
394,390,derivative_2_std_aY_hand,245
395,931,corr_haY_haZ(s),246
396,711,derivative_4_mad_gY_chest,247
397,1021,bin_30_gZ_hand(t),248
398,156,smv_cg(t),249
399,623,derivative_4_q05_aX_chest,250
400,788,mean_gX_hand(s),251
401,227,derivative_1_q95_aX_chest,252
402,338,derivative_2_q05_gX_chest,253
403,95,std_gZ_chest(t),254
404,191,derivative_1_q05_aX_chest,255
405,538,derivative_3_std_gZ_hand,256
406,217,derivative_1_q80_aZ_chest,257
407,631,derivative_4_q20_aZ_hand,258
408,282,derivative_1_rms_aY_hand,259
409,350,derivative_2_q20_gX_chest,260
410,187,derivative_1_q05_aZ_hand,261
411,658,derivative_4_q95_gZ_hand,262
412,839,q80_aX_chest(s),263
413,795,mean_gY_chest(s),264
414,194,derivative_1_q05_gX_chest,265
415,1027,bin_70_aX_chest(t),266
416,836,q80_gX_hand(s),267
417,329,derivative_2_q05_aX_hand,268
418,372,derivative_2_q95_aY_chest,269
419,565,derivative_3_mad_aZ_chest,270
420,929,corr_haX_haY(s),271
421,937,corr_haZ_caZ(s),272
422,131,rms_gZ_chest(t),273
423,247,derivative_1_std_aZ_hand,274
424,923,crestfactor_aX_chest(s),275
425,346,derivative_2_q20_gZ_hand,276
426,515,derivative_3_q95_aX_chest,277
427,117,mad_gX_chest(t),278
428,40,q20_gY_hand(t),279
429,916,rms_gZ_chest(s),280
430,848,q95_gX_hand(s),281
431,222,derivative_1_q95_aY_hand,282
432,574,derivative_3_rms_gZ_hand,283
433,273,derivative_1_mad_gY_hand,284
434,643,derivative_4_q80_aZ_hand,285
435,955,spectral_energy_gX_chest,286
436,104,skew_aZ_chest(t),287
437,90,std_aX_chest(t),288
438,779,chest_pitch_rms,289
439,367,derivative_2_q95_aZ_hand,290
440,386,derivative_2_kurtosis_gX_chest,291
441,249,derivative_1_std_gY_hand,292
442,416,derivative_2_mad_gX_hand,293
443,629,derivative_4_q20_aX_hand,294
444,518,derivative_3_q95_gX_chest,295
445,27,q05_gX_hand(t),296
446,677,derivative_4_std_aX_hand,297
447,144,corr_haX_haY(t),298
448,355,derivative_2_q80_aZ_hand,299
449,994,bin_0_aX_hand(t),300
450,70,q95_gY_chest(t),301
451,272,derivative_1_mad_gX_hand,302
452,701,derivative_4_mad_aX_hand,303
453,53,q80_gZ_hand(t),304
454,890,skew_gX_chest(s),305
455,208,derivative_1_q20_gZ_chest,306
456,709,derivative_4_mad_aZ_chest,307
457,842,q80_gX_chest(s),308
458,146,corr_haY_haZ(t),309
459,248,derivative_1_std_gX_hand,310
460,1029,bin_0_aY_chest(t),311
461,246,derivative_1_std_aY_hand,312
462,880,std_gZ_chest(s),313
463,336,derivative_2_q05_aY_chest,314
464,360,derivative_2_q80_aY_chest,315
465,933,corr_caX_caZ(s),316
466,794,mean_gX_chest(s),317
467,497,derivative_3_q80_aX_hand,318
468,218,derivative_1_q80_gX_chest,319
469,134,crestfactor_aZ_hand(t),320
470,1011,bin_30_gX_hand(t),321
471,110,mad_aZ_hand(t),322
472,482,derivative_3_q05_gX_chest,323
473,671,derivative_4_kurtosis_aX_chest,324
474,335,derivative_2_q05_aX_chest,325
475,361,derivative_2_q80_aZ_chest,326
476,391,derivative_2_std_aZ_hand,327
477,119,mad_gZ_chest(t),328
478,1019,bin_0_gZ_hand(t),329
479,201,derivative_1_q20_gY_hand,330
480,516,derivative_3_q95_aY_chest,331
481,199,derivative_1_q20_aZ_hand,332
482,718,derivative_4_rms_gZ_hand,333
483,284,derivative_1_rms_gX_hand,334
484,935,corr_haX_caX(s),335
485,103,skew_aY_chest(t),336
486,205,derivative_1_q20_aZ_chest,337
487,212,derivative_1_q80_gX_hand,338
488,485,derivative_3_q20_aX_hand,339
489,365,derivative_2_q95_aX_hand,340
490,1028,bin_90_aX_chest(t),341
491,617,derivative_4_q05_aX_hand,342
492,533,derivative_3_std_aX_hand,343
493,530,derivative_3_kurtosis_gX_chest,344
494,359,derivative_2_q80_aX_chest,345
495,147,corr_caX_caY(t),346
496,427,derivative_2_rms_aZ_hand,347
497,887,skew_aX_chest(s),348
498,285,derivative_1_rms_gY_hand,349
499,868,kurtosis_gZ_chest(s),350
500,745,hand_pitch_q05,351
501,674,derivative_4_kurtosis_gX_chest,352
502,490,derivative_3_q20_gZ_hand,353
503,940,smv_ca(s),354
504,34,q05_gY_chest(t),355
505,626,derivative_4_q05_gX_chest,356
506,52,q80_gY_hand(t),357
507,232,derivative_1_q95_gZ_chest,358
508,841,q80_aZ_chest(s),359
509,569,derivative_3_rms_aX_hand,360
510,368,derivative_2_q95_gX_hand,361
511,932,corr_caX_caY(s),362
512,1022,bin_70_gZ_hand(t),363
513,152,corr_haZ_caZ(t),364
514,348,derivative_2_q20_aY_chest,365
515,347,derivative_2_q20_aX_chest,366
516,203,derivative_1_q20_aX_chest,367
517,902,mad_gX_chest(s),368
518,196,derivative_1_q05_gZ_chest,369
519,300,derivative_1_crestfactor_aY_chest,370
520,283,derivative_1_rms_aZ_hand,371
521,114,mad_aX_chest(t),372
522,662,derivative_4_q95_gX_chest,373
523,393,derivative_2_std_gY_hand,374
524,713,derivative_4_rms_aX_hand,375
525,63,q95_gX_hand(t),376
526,69,q95_gX_chest(t),377
527,796,mean_gZ_chest(s),378
528,362,derivative_2_q80_gX_chest,379
529,231,derivative_1_q95_gY_chest,380
530,863,kurtosis_aX_chest(s),381
531,473,derivative_3_q05_aX_hand,382
532,703,derivative_4_mad_aZ_hand,383
533,481,derivative_3_q05_aZ_chest,384
534,1018,bin_90_gY_hand(t),385
535,35,q05_gZ_chest(t),386
536,225,derivative_1_q95_gY_hand,387
537,527,derivative_3_kurtosis_aX_chest,388
538,71,q95_gZ_chest(t),389
539,428,derivative_2_rms_gX_hand,390
540,105,skew_gX_chest(t),391
541,559,derivative_3_mad_aZ_hand,392
542,655,derivative_4_q95_aZ_hand,393
543,502,derivative_3_q80_gZ_hand,394
544,560,derivative_3_mad_gX_hand,395
545,349,derivative_2_q20_aZ_chest,396
546,852,q95_aY_chest(s),397
547,938,smv_ha(s),398
548,180,derivative_1_median_aY_chest,399
549,682,derivative_4_std_gZ_hand,400
550,195,derivative_1_q05_gY_chest,401
551,798,median_aY_hand(s),402
552,436,derivative_2_rms_gZ_chest,403
553,331,derivative_2_q05_aZ_hand,404
554,572,derivative_3_rms_gX_hand,405
555,661,derivative_4_q95_aZ_chest,406
556,990,principal_frequency_aZ_chest,407
557,220,derivative_1_q80_gZ_chest,408
558,186,derivative_1_q05_aY_hand,409
559,375,derivative_2_q95_gY_chest,410
560,332,derivative_2_q05_gX_hand,411
561,500,derivative_3_q80_gX_hand,412
562,1016,bin_30_gY_hand(t),413
563,264,derivative_1_skew_aY_chest,414
564,200,derivative_1_q20_gX_hand,415
565,866,kurtosis_gX_chest(s),416
566,400,derivative_2_std_gZ_chest,417
567,627,derivative_4_q05_gY_chest,418
568,892,skew_gZ_chest(s),419
569,834,q80_aY_hand(s),420
570,369,derivative_2_q95_gY_hand,421
571,517,derivative_3_q95_aZ_chest,422
572,392,derivative_2_std_gX_hand,423
573,967,spectral_entropy_gX_chest,424
574,856,q95_gZ_chest(s),425
575,1038,bin_90_aZ_chest(t),426
576,150,corr_haX_caX(t),427
577,475,derivative_3_q05_aZ_hand,428
578,223,derivative_1_q95_aZ_hand,429
579,1014,bin_0_gY_hand(t),430
580,679,derivative_4_std_aZ_hand,431
581,1041,bin_30_gX_chest(t),432
582,1020,bin_10_gZ_hand(t),433
583,846,q95_aY_hand(s),434
584,148,corr_caX_caZ(t),435
585,39,q20_gX_hand(t),436
586,509,derivative_3_q95_aX_hand,437
587,663,derivative_4_q95_gY_chest,438
588,715,derivative_4_rms_aZ_hand,439
589,224,derivative_1_q95_gX_hand,440
590,653,derivative_4_q95_aX_hand,441
591,333,derivative_2_q05_gY_hand,442
592,619,derivative_4_q05_aZ_hand,443
593,86,std_aZ_hand(t),444
594,535,derivative_3_std_aZ_hand,445
595,33,q05_gX_chest(t),446
596,507,derivative_3_q80_gY_chest,447
597,488,derivative_3_q20_gX_hand,448
598,571,derivative_3_rms_aZ_hand,449
599,536,derivative_3_std_gX_hand,450
600,265,derivative_1_skew_aZ_chest,451
601,1046,bin_30_gY_chest(t),452
602,239,derivative_1_kurtosis_aX_chest,453
603,998,bin_90_aX_hand(t),454
604,80,kurtosis_aZ_chest(t),455
605,189,derivative_1_q05_gY_hand,456
606,242,derivative_1_kurtosis_gX_chest,457
607,755,chest_pitch_q80,458
608,805,median_aZ_chest(s),459
609,266,derivative_1_skew_gX_chest,460
610,928,crestfactor_gZ_chest(s),461
611,188,derivative_1_q05_gX_hand,462
612,537,derivative_3_std_gY_hand,463
613,634,derivative_4_q20_gZ_hand,464
614,806,median_gX_chest(s),465
615,363,derivative_2_q80_gY_chest,466
616,646,derivative_4_q80_gZ_hand,467
617,476,derivative_3_q05_gX_hand,468
618,483,derivative_3_q05_gY_chest,469
619,234,derivative_1_kurtosis_aY_hand,470
620,636,derivative_4_q20_aY_chest,471
621,213,derivative_1_q80_gY_hand,472
622,625,derivative_4_q05_aZ_chest,473
623,511,derivative_3_q95_aZ_hand,474
624,961,spectral_entropy_gX_hand,475
625,1009,bin_0_gX_hand(t),476
626,219,derivative_1_q80_gY_chest,477
627,301,derivative_1_crestfactor_aZ_chest,478
628,680,derivative_4_std_gX_hand,479
629,840,q80_aY_chest(s),480
630,51,q80_gX_hand(t),481
631,651,derivative_4_q80_gY_chest,482
632,81,kurtosis_gX_chest(t),483
633,743,chest_pitch_median,484
634,339,derivative_2_q05_gY_chest,485
635,477,derivative_3_q05_gY_hand,486
636,1023,bin_90_gZ_hand(t),487
637,58,q80_gY_chest(t),488
638,97,skew_aY_hand(t),489
639,47,q20_gZ_chest(t),490
640,512,derivative_3_q95_gX_hand,491
641,495,derivative_3_q20_gY_chest,492
642,45,q20_gX_chest(t),493
643,716,derivative_4_rms_gX_hand,494
644,207,derivative_1_q20_gY_chest,495
645,644,derivative_4_q80_gX_hand,496
646,504,derivative_3_q80_aY_chest,497
647,835,q80_aZ_hand(s),498
648,854,q95_gX_chest(s),499
649,1051,bin_30_gZ_chest(t),500
650,506,derivative_3_q80_gX_chest,501
651,519,derivative_3_q95_gY_chest,502
652,57,q80_gX_chest(t),503
653,704,derivative_4_mad_gX_hand,504
654,233,derivative_1_kurtosis_aX_hand,505
655,845,q95_aX_hand(s),506
656,351,derivative_2_q20_gY_chest,507
657,1015,bin_10_gY_hand(t),508
658,298,derivative_1_crestfactor_gZ_hand,509
659,46,q20_gY_chest(t),510
660,238,derivative_1_kurtosis_gZ_hand,511
661,587,derivative_3_crestfactor_aX_chest,512
662,493,derivative_3_q20_aZ_chest,513
663,731,derivative_4_crestfactor_aX_chest,514
664,72,kurtosis_aX_hand(t),515
665,620,derivative_4_q05_gX_hand,516
666,59,q80_gZ_chest(t),517
667,1013,bin_90_gX_hand(t),518
668,377,derivative_2_kurtosis_aX_hand,519
669,1017,bin_70_gY_hand(t),520
670,926,crestfactor_gX_chest(s),521
671,561,derivative_3_mad_gY_hand,522
672,799,median_aZ_hand(s),523
673,1010,bin_10_gX_hand(t),524
674,293,derivative_1_crestfactor_aX_hand,525
675,1043,bin_90_gX_chest(t),526
676,639,derivative_4_q20_gY_chest,527
677,378,derivative_2_kurtosis_aY_hand,528
678,387,derivative_2_kurtosis_gY_chest,529
679,648,derivative_4_q80_aY_chest,530
680,531,derivative_3_kurtosis_gY_chest,531
681,886,skew_gZ_hand(s),532
682,850,q95_gZ_hand(s),533
683,417,derivative_2_mad_gY_hand,534
684,429,derivative_2_rms_gY_hand,535
685,424,derivative_2_mad_gZ_chest,536
686,891,skew_gY_chest(s),537
687,357,derivative_2_q80_gY_hand,538
688,505,derivative_3_q80_aZ_chest,539
689,1012,bin_70_gX_hand(t),540
690,588,derivative_3_crestfactor_aY_chest,541
691,241,derivative_1_kurtosis_aZ_chest,542
692,573,derivative_3_rms_gY_hand,543
693,3,mean_gX_hand(t),544
694,73,kurtosis_aY_hand(t),545
695,1048,bin_90_gY_chest(t),546
696,885,skew_gY_hand(s),547
697,1053,bin_90_gZ_chest(t),548
698,262,derivative_1_skew_gZ_hand,549
699,797,median_aX_hand(s),550
700,96,skew_aX_hand(t),551
701,492,derivative_3_q20_aY_chest,552
702,822,q20_aY_hand(s),553
703,526,derivative_3_kurtosis_gZ_hand,554
704,494,derivative_3_q20_gX_chest,555
705,666,derivative_4_kurtosis_aY_hand,556
706,804,median_aY_chest(s),557
707,382,derivative_2_kurtosis_gZ_hand,558
708,380,derivative_2_kurtosis_gX_hand,559
709,521,derivative_3_kurtosis_aX_hand,560
710,838,q80_gZ_hand(s),561
711,1039,bin_0_gX_chest(t),562
712,1049,bin_0_gZ_chest(t),563
713,637,derivative_4_q20_aZ_chest,564
714,635,derivative_4_q20_aX_chest,565
715,137,crestfactor_gZ_hand(t),566
716,446,derivative_2_crestfactor_gX_chest,567
717,717,derivative_4_rms_gY_hand,568
718,236,derivative_1_kurtosis_gX_hand,569
719,444,derivative_2_crestfactor_aY_chest,570
720,345,derivative_2_q20_gY_hand,571
721,237,derivative_1_kurtosis_gY_hand,572
722,235,derivative_1_kurtosis_aZ_hand,573
723,656,derivative_4_q95_gX_hand,574
724,410,derivative_2_skew_gX_chest,575
725,409,derivative_2_skew_aZ_chest,576
726,1044,bin_0_gY_chest(t),577
727,522,derivative_3_kurtosis_aY_hand,578
728,443,derivative_2_crestfactor_aX_chest,579
729,21,median_gX_chest(t),580
730,732,derivative_4_crestfactor_aY_chest,581
731,922,crestfactor_gZ_hand(s),582
732,491,derivative_3_q20_aX_chest,583
733,632,derivative_4_q20_gX_hand,584
734,580,derivative_3_rms_gZ_chest,585
735,849,q95_gY_hand(s),586
736,657,derivative_4_q95_gY_hand,587
737,650,derivative_4_q80_gX_chest,588
738,513,derivative_3_q95_gY_hand,589
739,445,derivative_2_crestfactor_aZ_chest,590
740,884,skew_gX_hand(s),591
741,294,derivative_1_crestfactor_aY_hand,592
742,649,derivative_4_q80_aZ_chest,593
743,22,median_gY_chest(t),594
744,855,q95_gY_chest(s),595
745,621,derivative_4_q05_gY_hand,596
746,503,derivative_3_q80_aX_chest,597
747,647,derivative_4_q80_aX_chest,598
748,10,mean_gY_chest(t),599
749,257,derivative_1_skew_aX_hand,600
750,4,mean_gY_hand(t),601
751,969,spectral_entropy_gZ_chest,602
752,867,kurtosis_gY_chest(s),603
753,705,derivative_4_mad_gY_hand,604
754,98,skew_aZ_hand(t),605
755,401,derivative_2_skew_aX_hand,606
756,388,derivative_2_kurtosis_gZ_chest,607
757,135,crestfactor_gX_hand(t),608
758,243,derivative_1_kurtosis_gY_chest,609
759,862,kurtosis_gZ_hand(s),610
760,861,kurtosis_gY_hand(s),611
761,141,crestfactor_gX_chest(t),612
762,681,derivative_4_std_gY_hand,613
763,1042,bin_70_gX_chest(t),614
764,638,derivative_4_q20_gX_chest,615
765,767,chest_pitch_std,616
766,1052,bin_70_gZ_chest(t),617
767,665,derivative_4_kurtosis_aX_hand,618
768,670,derivative_4_kurtosis_gZ_hand,619
769,851,q95_aX_chest(s),620
770,968,spectral_entropy_gY_chest,621
771,299,derivative_1_crestfactor_aX_chest,622
772,376,derivative_2_q95_gZ_chest,623
773,1050,bin_10_gZ_chest(t),624
774,590,derivative_3_crestfactor_gX_chest,625
775,15,median_gX_hand(t),626
776,847,q95_aZ_hand(s),627
777,675,derivative_4_kurtosis_gY_chest,628
778,963,spectral_entropy_gZ_hand,629
779,437,derivative_2_crestfactor_aX_hand,630
780,379,derivative_2_kurtosis_aZ_hand,631
781,448,derivative_2_crestfactor_gZ_chest,632
782,136,crestfactor_gY_hand(t),633
783,734,derivative_4_crestfactor_gX_chest,634
784,302,derivative_1_crestfactor_gX_chest,635
785,258,derivative_1_skew_aY_hand,636
786,823,q20_aZ_hand(s),637
787,501,derivative_3_q80_gY_hand,638
788,263,derivative_1_skew_aX_chest,639
789,403,derivative_2_skew_aZ_hand,640
790,402,derivative_2_skew_aY_hand,641
791,724,derivative_4_rms_gZ_chest,642
792,438,derivative_2_crestfactor_aY_hand,643
793,667,derivative_4_kurtosis_aZ_hand,644
794,544,derivative_3_std_gZ_chest,645
795,442,derivative_2_crestfactor_gZ_hand,646
796,920,crestfactor_gX_hand(s),647
797,523,derivative_3_kurtosis_aZ_hand,648
798,582,derivative_3_crestfactor_aY_hand,649
799,407,derivative_2_skew_aX_chest,650
800,1040,bin_10_gX_chest(t),651
801,860,kurtosis_gX_hand(s),652
802,16,median_gY_hand(t),653
803,726,derivative_4_crestfactor_aY_hand,654
804,261,derivative_1_skew_gY_hand,655
805,962,spectral_entropy_gY_hand,656
806,99,skew_gX_hand(t),657
807,340,derivative_2_q05_gZ_chest,658
808,524,derivative_3_kurtosis_gX_hand,659
809,927,crestfactor_gY_chest(s),660
810,259,derivative_1_skew_aZ_hand,661
811,404,derivative_2_skew_gX_hand,662
812,11,mean_gZ_chest(t),663
813,645,derivative_4_q80_gY_hand,664
814,267,derivative_1_skew_gY_chest,665
815,77,kurtosis_gZ_hand(t),666
816,532,derivative_3_kurtosis_gZ_chest,667
817,668,derivative_4_kurtosis_gX_hand,668
818,181,derivative_1_median_aZ_chest,669
819,525,derivative_3_kurtosis_gY_hand,670
820,297,derivative_1_crestfactor_gY_hand,671
821,268,derivative_1_skew_gZ_chest,672
822,1045,bin_10_gY_chest(t),673
823,837,q80_gY_hand(s),674
824,74,kurtosis_aZ_hand(t),675
825,803,median_aX_chest(s),676
826,802,median_gZ_hand(s),677
827,921,crestfactor_gY_hand(s),678
828,244,derivative_1_kurtosis_gZ_chest,679
829,586,derivative_3_crestfactor_gZ_hand,680
830,979,spectral_centroid_gX_chest,681
831,412,derivative_2_skew_gZ_chest,682
832,23,median_gZ_chest(t),683
833,296,derivative_1_crestfactor_gX_hand,684
834,583,derivative_3_crestfactor_aZ_hand,685
835,142,crestfactor_gY_chest(t),686
836,78,kurtosis_aX_chest(t),687
837,725,derivative_4_crestfactor_aX_hand,688
838,688,derivative_4_std_gZ_chest,689
839,101,skew_gZ_hand(t),690
840,76,kurtosis_gY_hand(t),691
841,295,derivative_1_crestfactor_aZ_hand,692
842,439,derivative_2_crestfactor_aZ_hand,693
843,17,median_gZ_hand(t),694
844,727,derivative_4_crestfactor_aZ_hand,695
845,733,derivative_4_crestfactor_aZ_chest,696
846,489,derivative_3_q20_gY_hand,697
847,589,derivative_3_crestfactor_aZ_chest,698
848,440,derivative_2_crestfactor_gX_hand,699
849,406,derivative_2_skew_gZ_hand,700
850,83,kurtosis_gZ_chest(t),701
851,5,mean_gZ_hand(t),702
852,381,derivative_2_kurtosis_gY_hand,703
853,100,skew_gY_hand(t),704
854,821,q20_aX_hand(s),705
855,633,derivative_4_q20_gY_hand,706
856,581,derivative_3_crestfactor_aX_hand,707
857,1047,bin_70_gY_chest(t),708
858,173,derivative_1_median_aX_hand,709
859,178,derivative_1_median_gZ_hand,710
860,75,kurtosis_gX_hand(t),711
861,447,derivative_2_crestfactor_gY_chest,712
862,669,derivative_4_kurtosis_gY_hand,713
863,730,derivative_4_crestfactor_gZ_hand,714
864,728,derivative_4_crestfactor_gX_hand,715
865,676,derivative_4_kurtosis_gZ_chest,716
866,697,derivative_4_skew_aZ_chest,717
867,584,derivative_3_crestfactor_gX_hand,718
868,546,derivative_3_skew_aY_hand,719
869,260,derivative_1_skew_gX_hand,720
870,553,derivative_3_skew_aZ_chest,721
871,405,derivative_2_skew_gY_hand,722
872,591,derivative_3_crestfactor_gY_chest,723
873,182,derivative_1_median_gX_chest,724
874,694,derivative_4_skew_gZ_hand,725
875,735,derivative_4_crestfactor_gY_chest,726
876,102,skew_aX_chest(t),727
877,689,derivative_4_skew_aX_hand,728
878,520,derivative_3_q95_gZ_chest,729
879,585,derivative_3_crestfactor_gY_hand,730
880,9,mean_gX_chest(t),731
881,550,derivative_3_skew_gZ_hand,732
882,304,derivative_1_crestfactor_gZ_chest,733
883,696,derivative_4_skew_aY_chest,734
884,318,derivative_2_median_aY_hand,735
885,980,spectral_centroid_gY_chest,736
886,554,derivative_3_skew_gX_chest,737
887,690,derivative_4_skew_aY_hand,738
888,592,derivative_3_crestfactor_gZ_chest,739
889,712,derivative_4_mad_gZ_chest,740
890,844,q80_gZ_chest(s),741
891,547,derivative_3_skew_aZ_hand,742
892,303,derivative_1_crestfactor_gY_chest,743
893,317,derivative_2_median_aX_hand,744
894,568,derivative_3_mad_gZ_chest,745
895,551,derivative_3_skew_aX_chest,746
896,552,derivative_3_skew_aY_chest,747
897,364,derivative_2_q80_gZ_chest,748
898,441,derivative_2_crestfactor_gY_hand,749
899,143,crestfactor_gZ_chest(t),750
900,691,derivative_4_skew_aZ_hand,751
901,843,q80_gY_chest(s),752
902,811,q05_aZ_hand(s),753
903,974,spectral_centroid_gY_hand,754
904,324,derivative_2_median_aY_chest,755
905,322,derivative_2_median_gZ_hand,756
906,973,spectral_centroid_gX_hand,757
907,988,principal_frequency_aX_chest,758
908,484,derivative_3_q05_gZ_chest,759
909,352,derivative_2_q20_gZ_chest,760
910,695,derivative_4_skew_aX_chest,761
911,729,derivative_4_crestfactor_gY_hand,762
912,698,derivative_4_skew_gX_chest,763
913,545,derivative_3_skew_aX_hand,764
914,828,q20_aY_chest(s),765
915,975,spectral_centroid_gZ_hand,766
916,692,derivative_4_skew_gX_hand,767
917,829,q20_aZ_chest(s),768
918,699,derivative_4_skew_gY_chest,769
919,411,derivative_2_skew_gY_chest,770
920,548,derivative_3_skew_gX_hand,771
921,810,q05_aY_hand(s),772
922,174,derivative_1_median_aY_hand,773
923,82,kurtosis_gY_chest(t),774
924,556,derivative_3_skew_gZ_chest,775
925,107,skew_gZ_chest(t),776
926,320,derivative_2_median_gX_hand,777
927,830,q20_gX_chest(s),778
928,981,spectral_centroid_gZ_chest,779
929,175,derivative_1_median_aZ_hand,780
930,652,derivative_4_q80_gZ_chest,781
931,736,derivative_4_crestfactor_gZ_chest,782
932,177,derivative_1_median_gY_hand,783
933,325,derivative_2_median_aZ_chest,784
934,555,derivative_3_skew_gY_chest,785
935,471,derivative_3_median_gY_chest,786
936,693,derivative_4_skew_gY_hand,787
937,106,skew_gY_chest(t),788
938,549,derivative_3_skew_gY_hand,789
939,607,derivative_4_median_aZ_hand,790
940,606,derivative_4_median_aY_hand,791
941,466,derivative_3_median_gZ_hand,792
942,179,derivative_1_median_aX_chest,793
943,496,derivative_3_q20_gZ_chest,794
944,462,derivative_3_median_aY_hand,795
945,327,derivative_2_median_gY_chest,796
946,700,derivative_4_skew_gZ_chest,797
947,467,derivative_3_median_aX_chest,798
948,508,derivative_3_q80_gZ_chest,799
949,319,derivative_2_median_aZ_hand,800
950,983,principal_frequency_aY_hand,801
951,640,derivative_4_q20_gZ_chest,802
952,464,derivative_3_median_gX_hand,803
953,609,derivative_4_median_gY_hand,804
954,326,derivative_2_median_gX_chest,805
955,800,median_gX_hand(s),806
956,323,derivative_2_median_aX_chest,807
957,664,derivative_4_q95_gZ_chest,808
958,321,derivative_2_median_gY_hand,809
959,608,derivative_4_median_gX_hand,810
960,470,derivative_3_median_gX_chest,811
961,472,derivative_3_median_gZ_chest,812
962,461,derivative_3_median_aX_hand,813
963,610,derivative_4_median_gZ_hand,814
964,826,q20_gZ_hand(s),815
965,469,derivative_3_median_aZ_chest,816
966,605,derivative_4_median_aX_hand,817
967,807,median_gY_chest(s),818
968,463,derivative_3_median_aZ_hand,819
969,827,q20_aX_chest(s),820
970,809,q05_aX_hand(s),821
971,465,derivative_3_median_gY_hand,822
972,176,derivative_1_median_gX_hand,823
973,616,derivative_4_median_gZ_chest,824
974,615,derivative_4_median_gY_chest,825
975,613,derivative_4_median_aZ_chest,826
976,611,derivative_4_median_aX_chest,827
977,468,derivative_3_median_aY_chest,828
978,628,derivative_4_q05_gZ_chest,829
979,328,derivative_2_median_gZ_chest,830
980,612,derivative_4_median_aY_chest,831
981,801,median_gY_hand(s),832
982,183,derivative_1_median_gY_chest,833
983,184,derivative_1_median_gZ_chest,834
984,986,principal_frequency_gY_hand,835
985,991,principal_frequency_gX_chest,836
986,614,derivative_4_median_gX_chest,837
987,814,q05_gZ_hand(s),838
988,816,q05_aY_chest(s),839
989,808,median_gZ_chest(s),840
990,815,q05_aX_chest(s),841
991,163,derivative_1_mean_aZ_hand,842
992,172,derivative_1_mean_gZ_chest,843
993,818,q05_gX_chest(s),844
994,167,derivative_1_mean_aX_chest,845
995,169,derivative_1_mean_aZ_chest,846
996,161,derivative_1_mean_aX_hand,847
997,824,q20_gX_hand(s),848
998,817,q05_aZ_chest(s),849
999,171,derivative_1_mean_gY_chest,850
1000,170,derivative_1_mean_gX_chest,851
1001,831,q20_gY_chest(s),852
1002,819,q05_gY_chest(s),853
1003,812,q05_gX_hand(s),854
1004,992,principal_frequency_gY_chest,855
1005,813,q05_gY_hand(s),856
1006,166,derivative_1_mean_gZ_hand,857
1007,985,principal_frequency_gX_hand,858
1008,832,q20_gZ_chest(s),859
1009,987,principal_frequency_gZ_hand,860
1010,162,derivative_1_mean_aY_hand,861
1011,164,derivative_1_mean_gX_hand,862
1012,825,q20_gY_hand(s),863
1013,993,principal_frequency_gZ_chest,864
1014,168,derivative_1_mean_aY_chest,865
1015,165,derivative_1_mean_gY_hand,866
1016,820,q05_gZ_chest(s),867
1017,307,derivative_2_mean_aZ_hand,868
1018,306,derivative_2_mean_aY_hand,869
1019,602,derivative_4_mean_gX_chest,870
1020,308,derivative_2_mean_gX_hand,871
1021,458,derivative_3_mean_gX_chest,872
1022,452,derivative_3_mean_gX_hand,873
1023,455,derivative_3_mean_aX_chest,874
1024,305,derivative_2_mean_aX_hand,875
1025,453,derivative_3_mean_gY_hand,876
1026,460,derivative_3_mean_gZ_chest,877
1027,598,derivative_4_mean_gZ_hand,878
1028,450,derivative_3_mean_aY_hand,879
1029,595,derivative_4_mean_aZ_hand,880
1030,309,derivative_2_mean_gY_hand,881
1031,316,derivative_2_mean_gZ_chest,882
1032,451,derivative_3_mean_aZ_hand,883
1033,311,derivative_2_mean_aX_chest,884
1034,449,derivative_3_mean_aX_hand,885
1035,984,principal_frequency_aZ_hand,886
1036,596,derivative_4_mean_gX_hand,887
1037,314,derivative_2_mean_gX_chest,888
1038,601,derivative_4_mean_aZ_chest,889
1039,313,derivative_2_mean_aZ_chest,890
1040,454,derivative_3_mean_gZ_hand,891
1041,459,derivative_3_mean_gY_chest,892
1042,315,derivative_2_mean_gY_chest,893
1043,597,derivative_4_mean_gY_hand,894
1044,599,derivative_4_mean_aX_chest,895
1045,594,derivative_4_mean_aY_hand,896
1046,604,derivative_4_mean_gZ_chest,897
1047,603,derivative_4_mean_gY_chest,898
1048,593,derivative_4_mean_aX_hand,899
1049,456,derivative_3_mean_aY_chest,900
1050,310,derivative_2_mean_gZ_hand,901
1051,457,derivative_3_mean_aZ_chest,902
1052,600,derivative_4_mean_aY_chest,903
1053,312,derivative_2_mean_aY_chest,904
1054,982,principal_frequency_aX_hand,905
1055,989,principal_frequency_aY_chest,906
